{"cameraMode":{"drawMode":0,"name":"Shaded","section":"Shading Mode"},"sceneLighting":true,"audioPlay":false,"sceneViewState":{"showFog":true,"showMaterialUpdate":false,"showSkybox":true,"showFlares":true,"showImageEffects":true,"showParticleSystems":true,"showVisualEffectGraphs":true,"m_FxEnabled":true},"in2DMode":false,"pivot":{"x":0.7598742246627808,"y":-0.17520734667778016,"z":-0.9769452810287476},"rotation":{"x":-0.10658405721187592,"y":-0.472581148147583,"z":0.05770265311002731,"w":-0.8729142546653748},"size":2.6004483699798586,"orthographic":false}